{
    "mu": 25.819751672076492,
    "lambda": 0.0014619269889668285,
    "c": 0.021571875520386332
}